{"Unnamed: 0":{"0":0,"1":1,"2":2,"3":3,"4":4,"5":5,"6":6,"7":7,"8":8},"State":{"0":"AC","1":"AM","2":"AP","3":"MA","4":"MT","5":"PA","6":"RO","7":"RR","8":"TO"},"Lat":{"0":-8.799616483,"1":-4.82605443,"2":2.26121804,"3":-5.091295651,"4":-12.74318585,"5":-5.52269735,"6":-11.00465456,"7":1.684942509,"8":-10.80449496},"Lon":{"0":-70.79021306,"1":-64.29524493,"2":-50.77030209,"3":-45.02842682,"4":-55.74694942,"5":-52.05705842,"6":-62.68051451,"7":-61.24848515,"8":-48.25873989},"TotalDeforestationByStateKM2":{"0":5722,"1":12425,"2":616,"3":8318,"4":43065,"5":62778,"6":22279,"7":3891,"8":1241}}